input_file,size,num_processors,elapsed_time
test_data/input_1M_1.txt, 1048576, 2, 0.08812
test_data/input_1M_1.txt, 1048576, 4, 0.083539
test_data/input_1M_1.txt, 1048576, 8, 0.07782
test_data/input_1M_1.txt, 1048576, 16, 0.089128
test_data/input_1M_1.txt, 1048576, 32, 0.095469
test_data/input_1M_1.txt, 1048576, 128, 0.091238
test_data/input_1M_1.txt, 1048576, 256, 0.124751
test_data/input_1M_2.txt, 1048576, 2, 0.090431
test_data/input_1M_2.txt, 1048576, 4, 0.079248
test_data/input_1M_2.txt, 1048576, 8, 0.08037
test_data/input_1M_2.txt, 1048576, 16, 0.085788
test_data/input_1M_2.txt, 1048576, 32, 0.091427
test_data/input_1M_2.txt, 1048576, 128, 0.116401
test_data/input_1M_2.txt, 1048576, 256, 0.108532
test_data/input_1M_3.txt, 1048576, 2, 0.154957
test_data/input_1M_3.txt, 1048576, 4, 0.080938
test_data/input_1M_3.txt, 1048576, 8, 0.084253
test_data/input_1M_3.txt, 1048576, 16, 0.088494
test_data/input_1M_3.txt, 1048576, 32, 0.081303
test_data/input_1M_3.txt, 1048576, 128, 0.161998
test_data/input_1M_3.txt, 1048576, 256, 0.10741
test_data/input_1M_4.txt, 1048576, 2, 0.093846
test_data/input_1M_4.txt, 1048576, 4, 0.090574
test_data/input_1M_4.txt, 1048576, 8, 0.092917
test_data/input_1M_4.txt, 1048576, 16, 0.082072
test_data/input_1M_4.txt, 1048576, 32, 0.089479
test_data/input_1M_4.txt, 1048576, 128, 0.141396
test_data/input_1M_4.txt, 1048576, 256, 0.107361
test_data/input_1M_5.txt, 1048576, 2, 0.089328
test_data/input_1M_5.txt, 1048576, 4, 0.087331
test_data/input_1M_5.txt, 1048576, 8, 0.085301
test_data/input_1M_5.txt, 1048576, 16, 0.079057
test_data/input_1M_5.txt, 1048576, 32, 0.090628
test_data/input_1M_5.txt, 1048576, 128, 0.103087
test_data/input_1M_5.txt, 1048576, 256, 0.09663
test_data/input_1M_6.txt, 1048576, 2, 0.091862
test_data/input_1M_6.txt, 1048576, 4, 0.076273
test_data/input_1M_6.txt, 1048576, 8, 0.078032
test_data/input_1M_6.txt, 1048576, 16, 0.082464
test_data/input_1M_6.txt, 1048576, 32, 0.09553
test_data/input_1M_6.txt, 1048576, 128, 0.113896
test_data/input_1M_6.txt, 1048576, 256, 0.095554
test_data/input_1M_7.txt, 1048576, 2, 0.092405
test_data/input_1M_7.txt, 1048576, 4, 0.074673
test_data/input_1M_7.txt, 1048576, 8, 0.090605
test_data/input_1M_7.txt, 1048576, 16, 0.084035
test_data/input_1M_7.txt, 1048576, 32, 0.077734
test_data/input_1M_7.txt, 1048576, 128, 0.108582
test_data/input_1M_7.txt, 1048576, 256, 0.091052
test_data/input_1M_8.txt, 1048576, 2, 0.079962
test_data/input_1M_8.txt, 1048576, 4, 0.08146
test_data/input_1M_8.txt, 1048576, 8, 0.08221
test_data/input_1M_8.txt, 1048576, 16, 0.077682
test_data/input_1M_8.txt, 1048576, 32, 0.080517
test_data/input_1M_8.txt, 1048576, 128, 0.108025
test_data/input_1M_8.txt, 1048576, 256, 0.102931
test_data/input_1M_9.txt, 1048576, 2, 0.087737
test_data/input_1M_9.txt, 1048576, 4, 0.084815
test_data/input_1M_9.txt, 1048576, 8, 0.078884
test_data/input_1M_9.txt, 1048576, 16, 0.079736
test_data/input_1M_9.txt, 1048576, 32, 0.092806
test_data/input_1M_9.txt, 1048576, 128, 0.103758
test_data/input_1M_9.txt, 1048576, 256, 0.093461
test_data/input_1M_10.txt, 1048576, 2, 0.090831
test_data/input_1M_10.txt, 1048576, 4, 0.073118
test_data/input_1M_10.txt, 1048576, 8, 0.077807
test_data/input_1M_10.txt, 1048576, 16, 0.075057
test_data/input_1M_10.txt, 1048576, 32, 0.089938
test_data/input_1M_10.txt, 1048576, 128, 0.109694
test_data/input_1M_10.txt, 1048576, 256, 0.095594
test_data/input_2M_1.txt, 2097152, 2, 0.155861
test_data/input_2M_1.txt, 2097152, 4, 0.141101
test_data/input_2M_1.txt, 2097152, 8, 0.145337
test_data/input_2M_1.txt, 2097152, 16, 0.148122
test_data/input_2M_1.txt, 2097152, 32, 0.15055
test_data/input_2M_1.txt, 2097152, 128, 0.156746
test_data/input_2M_1.txt, 2097152, 256, 0.159666
test_data/input_2M_2.txt, 2097152, 2, 0.156598
test_data/input_2M_2.txt, 2097152, 4, 0.140842
test_data/input_2M_2.txt, 2097152, 8, 0.145542
test_data/input_2M_2.txt, 2097152, 16, 0.148499
test_data/input_2M_2.txt, 2097152, 32, 0.149377
test_data/input_2M_2.txt, 2097152, 128, 0.156705
test_data/input_2M_2.txt, 2097152, 256, 0.157233
test_data/input_2M_3.txt, 2097152, 2, 0.194335
test_data/input_2M_3.txt, 2097152, 4, 0.197604
test_data/input_2M_3.txt, 2097152, 8, 0.160384
test_data/input_2M_3.txt, 2097152, 16, 0.203963
test_data/input_2M_3.txt, 2097152, 32, 0.19415
test_data/input_2M_3.txt, 2097152, 128, 0.198102
test_data/input_2M_3.txt, 2097152, 256, 0.205819
test_data/input_2M_4.txt, 2097152, 2, 0.192384
test_data/input_2M_4.txt, 2097152, 4, 0.220476
test_data/input_2M_4.txt, 2097152, 8, 0.167862
test_data/input_2M_4.txt, 2097152, 16, 0.182167
test_data/input_2M_4.txt, 2097152, 32, 0.168404
test_data/input_2M_4.txt, 2097152, 128, 0.188036
test_data/input_2M_4.txt, 2097152, 256, 0.214738
test_data/input_2M_5.txt, 2097152, 2, 0.191726
test_data/input_2M_5.txt, 2097152, 4, 0.208033
test_data/input_2M_5.txt, 2097152, 8, 0.156448
test_data/input_2M_5.txt, 2097152, 16, 0.195122
test_data/input_2M_5.txt, 2097152, 32, 0.189307
test_data/input_2M_5.txt, 2097152, 128, 0.192843
test_data/input_2M_5.txt, 2097152, 256, 0.208043
test_data/input_2M_6.txt, 2097152, 2, 0.188999
test_data/input_2M_6.txt, 2097152, 4, 0.22629
test_data/input_2M_6.txt, 2097152, 8, 0.193063
test_data/input_2M_6.txt, 2097152, 16, 0.205218
test_data/input_2M_6.txt, 2097152, 32, 0.205178
test_data/input_2M_6.txt, 2097152, 128, 0.206789
test_data/input_2M_6.txt, 2097152, 256, 0.209433
test_data/input_2M_7.txt, 2097152, 2, 0.205611
test_data/input_2M_7.txt, 2097152, 4, 0.21742
test_data/input_2M_7.txt, 2097152, 8, 0.185481
test_data/input_2M_7.txt, 2097152, 16, 0.191964
test_data/input_2M_7.txt, 2097152, 32, 0.190662
test_data/input_2M_7.txt, 2097152, 128, 0.221913
test_data/input_2M_7.txt, 2097152, 256, 0.188343
test_data/input_2M_8.txt, 2097152, 2, 0.202534
test_data/input_2M_8.txt, 2097152, 4, 0.201257
test_data/input_2M_8.txt, 2097152, 8, 0.208115
test_data/input_2M_8.txt, 2097152, 16, 0.19704
test_data/input_2M_8.txt, 2097152, 32, 0.176126
test_data/input_2M_8.txt, 2097152, 128, 0.205212
test_data/input_2M_8.txt, 2097152, 256, 0.201508
test_data/input_2M_9.txt, 2097152, 2, 0.16755
test_data/input_2M_9.txt, 2097152, 4, 0.20413
test_data/input_2M_9.txt, 2097152, 8, 0.164812
test_data/input_2M_9.txt, 2097152, 16, 0.193621
test_data/input_2M_9.txt, 2097152, 32, 0.179336
test_data/input_2M_9.txt, 2097152, 128, 0.211243
test_data/input_2M_9.txt, 2097152, 256, 0.195878
test_data/input_2M_10.txt, 2097152, 2, 0.197828
test_data/input_2M_10.txt, 2097152, 4, 0.193813
test_data/input_2M_10.txt, 2097152, 8, 0.165297
test_data/input_2M_10.txt, 2097152, 16, 0.189485
test_data/input_2M_10.txt, 2097152, 32, 0.178523
test_data/input_2M_10.txt, 2097152, 128, 0.197895
test_data/input_2M_10.txt, 2097152, 256, 0.20965
test_data/input_4M_1.txt, 4194304, 2, 0.34408
test_data/input_4M_1.txt, 4194304, 4, 0.327045
test_data/input_4M_1.txt, 4194304, 8, 0.314827
test_data/input_4M_1.txt, 4194304, 16, 0.337459
test_data/input_4M_1.txt, 4194304, 32, 0.315003
test_data/input_4M_1.txt, 4194304, 128, 0.325605
test_data/input_4M_1.txt, 4194304, 256, 0.323736
test_data/input_4M_2.txt, 4194304, 2, 0.345379
test_data/input_4M_2.txt, 4194304, 4, 0.32725
test_data/input_4M_2.txt, 4194304, 8, 0.315105
test_data/input_4M_2.txt, 4194304, 16, 0.334043
test_data/input_4M_2.txt, 4194304, 32, 0.315893
test_data/input_4M_2.txt, 4194304, 128, 0.325056
test_data/input_4M_2.txt, 4194304, 256, 0.324008
test_data/input_4M_3.txt, 4194304, 2, 0.340661
test_data/input_4M_3.txt, 4194304, 4, 0.326925
test_data/input_4M_3.txt, 4194304, 8, 0.314867
test_data/input_4M_3.txt, 4194304, 16, 0.332758
test_data/input_4M_3.txt, 4194304, 32, 0.31712
test_data/input_4M_3.txt, 4194304, 128, 0.324611
test_data/input_4M_3.txt, 4194304, 256, 0.325126
test_data/input_4M_4.txt, 4194304, 2, 0.343016
test_data/input_4M_4.txt, 4194304, 4, 0.327067
test_data/input_4M_4.txt, 4194304, 8, 0.313249
test_data/input_4M_4.txt, 4194304, 16, 0.331076
test_data/input_4M_4.txt, 4194304, 32, 0.316113
test_data/input_4M_4.txt, 4194304, 128, 0.324653
test_data/input_4M_4.txt, 4194304, 256, 0.325277
test_data/input_4M_5.txt, 4194304, 2, 0.421571
test_data/input_4M_5.txt, 4194304, 4, 0.40526
test_data/input_4M_5.txt, 4194304, 8, 0.424955
test_data/input_4M_5.txt, 4194304, 16, 0.428105
test_data/input_4M_5.txt, 4194304, 32, 0.404221
test_data/input_4M_5.txt, 4194304, 128, 0.425335
test_data/input_4M_5.txt, 4194304, 256, 0.399081
test_data/input_4M_6.txt, 4194304, 2, 0.428268
test_data/input_4M_6.txt, 4194304, 4, 0.417316
test_data/input_4M_6.txt, 4194304, 8, 0.406888
test_data/input_4M_6.txt, 4194304, 16, 0.428293
test_data/input_4M_6.txt, 4194304, 32, 0.411983
test_data/input_4M_6.txt, 4194304, 128, 0.41886
test_data/input_4M_6.txt, 4194304, 256, 0.380618
test_data/input_4M_7.txt, 4194304, 2, 0.462692
test_data/input_4M_7.txt, 4194304, 4, 0.412964
test_data/input_4M_7.txt, 4194304, 8, 0.402506
test_data/input_4M_7.txt, 4194304, 16, 0.468684
test_data/input_4M_7.txt, 4194304, 32, 0.417637
test_data/input_4M_7.txt, 4194304, 128, 0.404455
test_data/input_4M_7.txt, 4194304, 256, 0.389354
test_data/input_4M_8.txt, 4194304, 2, 0.421419
test_data/input_4M_8.txt, 4194304, 4, 0.41161
test_data/input_4M_8.txt, 4194304, 8, 0.443399
test_data/input_4M_8.txt, 4194304, 16, 0.434553
test_data/input_4M_8.txt, 4194304, 32, 0.416931
test_data/input_4M_8.txt, 4194304, 128, 0.428847
test_data/input_4M_8.txt, 4194304, 256, 0.388354
test_data/input_4M_9.txt, 4194304, 2, 0.433292
test_data/input_4M_9.txt, 4194304, 4, 0.407435
test_data/input_4M_9.txt, 4194304, 8, 0.450529
test_data/input_4M_9.txt, 4194304, 16, 0.429142
test_data/input_4M_9.txt, 4194304, 32, 0.405122
test_data/input_4M_9.txt, 4194304, 128, 0.427452
test_data/input_4M_9.txt, 4194304, 256, 0.399064
test_data/input_4M_10.txt, 4194304, 2, 0.442853
test_data/input_4M_10.txt, 4194304, 4, 0.409836
test_data/input_4M_10.txt, 4194304, 8, 0.432072
test_data/input_4M_10.txt, 4194304, 16, 0.43452
test_data/input_4M_10.txt, 4194304, 32, 0.409005
test_data/input_4M_10.txt, 4194304, 128, 0.404673
test_data/input_4M_10.txt, 4194304, 256, 0.393593
test_data/input_8M_1.txt, 8388608, 2, 0.738119
test_data/input_8M_1.txt, 8388608, 4, 0.706286
test_data/input_8M_1.txt, 8388608, 8, 0.704878
test_data/input_8M_1.txt, 8388608, 16, 0.693582
test_data/input_8M_1.txt, 8388608, 32, 0.66515
test_data/input_8M_1.txt, 8388608, 128, 0.672583
test_data/input_8M_1.txt, 8388608, 256, 0.683502
test_data/input_8M_2.txt, 8388608, 2, 0.721486
test_data/input_8M_2.txt, 8388608, 4, 0.697935
test_data/input_8M_2.txt, 8388608, 8, 0.708634
test_data/input_8M_2.txt, 8388608, 16, 0.701111
test_data/input_8M_2.txt, 8388608, 32, 0.66341
test_data/input_8M_2.txt, 8388608, 128, 0.672074
test_data/input_8M_2.txt, 8388608, 256, 0.67796
test_data/input_8M_3.txt, 8388608, 2, 0.735841
test_data/input_8M_3.txt, 8388608, 4, 0.707593
test_data/input_8M_3.txt, 8388608, 8, 0.710158
test_data/input_8M_3.txt, 8388608, 16, 0.705947
test_data/input_8M_3.txt, 8388608, 32, 0.662857
test_data/input_8M_3.txt, 8388608, 128, 0.676859
test_data/input_8M_3.txt, 8388608, 256, 0.682429
test_data/input_8M_4.txt, 8388608, 2, 0.727302
test_data/input_8M_4.txt, 8388608, 4, 0.705224
test_data/input_8M_4.txt, 8388608, 8, 0.698205
test_data/input_8M_4.txt, 8388608, 16, 0.699952
test_data/input_8M_4.txt, 8388608, 32, 0.662737
test_data/input_8M_4.txt, 8388608, 128, 0.676517
test_data/input_8M_4.txt, 8388608, 256, 0.683801
test_data/input_8M_5.txt, 8388608, 2, 0.734624
test_data/input_8M_5.txt, 8388608, 4, 0.701902
test_data/input_8M_5.txt, 8388608, 8, 0.693846
test_data/input_8M_5.txt, 8388608, 16, 0.699658
test_data/input_8M_5.txt, 8388608, 32, 0.665577
test_data/input_8M_5.txt, 8388608, 128, 0.681196
test_data/input_8M_5.txt, 8388608, 256, 0.692176
test_data/input_8M_6.txt, 8388608, 2, 0.729806
test_data/input_8M_6.txt, 8388608, 4, 0.693444
test_data/input_8M_6.txt, 8388608, 8, 0.700018
test_data/input_8M_6.txt, 8388608, 16, 0.702858
test_data/input_8M_6.txt, 8388608, 32, 0.663788
test_data/input_8M_6.txt, 8388608, 128, 0.676124
test_data/input_8M_6.txt, 8388608, 256, 0.679715
test_data/input_8M_7.txt, 8388608, 2, 0.899613
test_data/input_8M_7.txt, 8388608, 4, 0.882314
test_data/input_8M_7.txt, 8388608, 8, 0.859604
test_data/input_8M_7.txt, 8388608, 16, 0.875676
test_data/input_8M_7.txt, 8388608, 32, 0.891007
test_data/input_8M_7.txt, 8388608, 128, 0.918775
test_data/input_8M_7.txt, 8388608, 256, 0.798179
test_data/input_8M_8.txt, 8388608, 2, 0.897344
test_data/input_8M_8.txt, 8388608, 4, 0.890776
test_data/input_8M_8.txt, 8388608, 8, 0.910624
test_data/input_8M_8.txt, 8388608, 16, 0.872835
test_data/input_8M_8.txt, 8388608, 32, 0.87618
test_data/input_8M_8.txt, 8388608, 128, 0.855248
test_data/input_8M_8.txt, 8388608, 256, 0.807411
test_data/input_8M_9.txt, 8388608, 2, 0.853052
test_data/input_8M_9.txt, 8388608, 4, 0.841104
test_data/input_8M_9.txt, 8388608, 8, 0.870212
test_data/input_8M_9.txt, 8388608, 16, 0.852956
test_data/input_8M_9.txt, 8388608, 32, 0.919696
test_data/input_8M_9.txt, 8388608, 128, 0.896382
test_data/input_8M_9.txt, 8388608, 256, 0.80908
test_data/input_8M_10.txt, 8388608, 2, 0.909701
test_data/input_8M_10.txt, 8388608, 4, 0.847117
test_data/input_8M_10.txt, 8388608, 8, 0.893185
test_data/input_8M_10.txt, 8388608, 16, 0.860741
test_data/input_8M_10.txt, 8388608, 32, 0.928684
test_data/input_8M_10.txt, 8388608, 128, 0.894199
test_data/input_8M_10.txt, 8388608, 256, 0.826782
test_data/input_16M_1.txt, 16777216, 2, 1.51568
test_data/input_16M_1.txt, 16777216, 4, 1.44482
test_data/input_16M_1.txt, 16777216, 8, 1.45504
test_data/input_16M_1.txt, 16777216, 16, 1.46296
test_data/input_16M_1.txt, 16777216, 32, 1.47886
test_data/input_16M_1.txt, 16777216, 128, 1.42168
test_data/input_16M_1.txt, 16777216, 256, 1.44906
test_data/input_16M_2.txt, 16777216, 2, 1.51552
test_data/input_16M_2.txt, 16777216, 4, 1.4513
test_data/input_16M_2.txt, 16777216, 8, 1.44034
test_data/input_16M_2.txt, 16777216, 16, 1.47753
test_data/input_16M_2.txt, 16777216, 32, 1.47143
test_data/input_16M_2.txt, 16777216, 128, 1.4196
test_data/input_16M_2.txt, 16777216, 256, 1.46864
test_data/input_16M_3.txt, 16777216, 2, 1.48324
test_data/input_16M_3.txt, 16777216, 4, 1.44989
test_data/input_16M_3.txt, 16777216, 8, 1.43256
test_data/input_16M_3.txt, 16777216, 16, 1.46598
test_data/input_16M_3.txt, 16777216, 32, 1.46987
test_data/input_16M_3.txt, 16777216, 128, 1.42708
test_data/input_16M_3.txt, 16777216, 256, 1.45527
test_data/input_16M_4.txt, 16777216, 2, 1.49972
test_data/input_16M_4.txt, 16777216, 4, 1.45851
test_data/input_16M_4.txt, 16777216, 8, 1.45096
test_data/input_16M_4.txt, 16777216, 16, 1.48079
test_data/input_16M_4.txt, 16777216, 32, 1.47783
test_data/input_16M_4.txt, 16777216, 128, 1.42467
test_data/input_16M_4.txt, 16777216, 256, 1.45912
test_data/input_16M_5.txt, 16777216, 2, 1.51148
test_data/input_16M_5.txt, 16777216, 4, 1.4494
test_data/input_16M_5.txt, 16777216, 8, 1.43376
test_data/input_16M_5.txt, 16777216, 16, 1.48457
test_data/input_16M_5.txt, 16777216, 32, 1.46344
test_data/input_16M_5.txt, 16777216, 128, 1.4443
test_data/input_16M_5.txt, 16777216, 256, 1.47534
test_data/input_16M_6.txt, 16777216, 2, 1.51662
test_data/input_16M_6.txt, 16777216, 4, 1.43921
test_data/input_16M_6.txt, 16777216, 8, 1.44264
test_data/input_16M_6.txt, 16777216, 16, 1.47636
test_data/input_16M_6.txt, 16777216, 32, 1.47145
test_data/input_16M_6.txt, 16777216, 128, 1.44234
test_data/input_16M_6.txt, 16777216, 256, 1.45518
test_data/input_16M_7.txt, 16777216, 2, 1.50267
test_data/input_16M_7.txt, 16777216, 4, 1.45729
test_data/input_16M_7.txt, 16777216, 8, 1.46685
test_data/input_16M_7.txt, 16777216, 16, 1.46931
test_data/input_16M_7.txt, 16777216, 32, 1.50148
test_data/input_16M_7.txt, 16777216, 128, 1.42764
test_data/input_16M_7.txt, 16777216, 256, 1.43133
test_data/input_16M_8.txt, 16777216, 2, 1.48715
test_data/input_16M_8.txt, 16777216, 4, 1.44273
test_data/input_16M_8.txt, 16777216, 8, 1.45943
test_data/input_16M_8.txt, 16777216, 16, 1.46095
test_data/input_16M_8.txt, 16777216, 32, 1.47632
test_data/input_16M_8.txt, 16777216, 128, 1.4269
test_data/input_16M_8.txt, 16777216, 256, 1.45879
test_data/input_16M_9.txt, 16777216, 2, 1.97519
test_data/input_16M_9.txt, 16777216, 4, 1.90345
test_data/input_16M_9.txt, 16777216, 8, 1.83624
test_data/input_16M_9.txt, 16777216, 16, 1.7711
test_data/input_16M_9.txt, 16777216, 32, 1.7326
test_data/input_16M_9.txt, 16777216, 128, 1.85598
test_data/input_16M_9.txt, 16777216, 256, 1.56863
test_data/input_16M_10.txt, 16777216, 2, 1.82458
test_data/input_16M_10.txt, 16777216, 4, 1.75531
test_data/input_16M_10.txt, 16777216, 8, 1.93829
test_data/input_16M_10.txt, 16777216, 16, 1.76668
test_data/input_16M_10.txt, 16777216, 32, 1.90446
test_data/input_16M_10.txt, 16777216, 128, 1.66108
test_data/input_16M_10.txt, 16777216, 256, 1.6274
test_data/input_32M_1.txt, 33554432, 2, 3.23964
test_data/input_32M_1.txt, 33554432, 4, 3.09341
test_data/input_32M_1.txt, 33554432, 8, 3.29502
test_data/input_32M_1.txt, 33554432, 16, 3.18914
test_data/input_32M_1.txt, 33554432, 32, 3.23305
test_data/input_32M_1.txt, 33554432, 128, 3.21483
test_data/input_32M_1.txt, 33554432, 256, 3.41225
test_data/input_32M_2.txt, 33554432, 2, 3.17932
test_data/input_32M_2.txt, 33554432, 4, 3.07151
test_data/input_32M_2.txt, 33554432, 8, 3.31137
test_data/input_32M_2.txt, 33554432, 16, 3.22631
test_data/input_32M_2.txt, 33554432, 32, 3.23441
test_data/input_32M_2.txt, 33554432, 128, 3.21718
test_data/input_32M_2.txt, 33554432, 256, 3.38376
test_data/input_32M_3.txt, 33554432, 2, 3.20027
test_data/input_32M_3.txt, 33554432, 4, 3.07893
test_data/input_32M_3.txt, 33554432, 8, 3.1834
test_data/input_32M_3.txt, 33554432, 16, 3.18536
test_data/input_32M_3.txt, 33554432, 32, 3.23063
test_data/input_32M_3.txt, 33554432, 128, 3.23931
test_data/input_32M_3.txt, 33554432, 256, 3.34408
test_data/input_32M_4.txt, 33554432, 2, 3.21682
test_data/input_32M_4.txt, 33554432, 4, 3.07756
test_data/input_32M_4.txt, 33554432, 8, 3.20626
test_data/input_32M_4.txt, 33554432, 16, 3.12951
test_data/input_32M_4.txt, 33554432, 32, 3.21726
test_data/input_32M_4.txt, 33554432, 128, 3.21533
test_data/input_32M_4.txt, 33554432, 256, 3.39916
test_data/input_32M_5.txt, 33554432, 2, 3.26202
test_data/input_32M_5.txt, 33554432, 4, 3.08951
test_data/input_32M_5.txt, 33554432, 8, 3.16699
test_data/input_32M_5.txt, 33554432, 16, 3.17293
test_data/input_32M_5.txt, 33554432, 32, 3.22613
test_data/input_32M_5.txt, 33554432, 128, 3.29516
test_data/input_32M_5.txt, 33554432, 256, 3.42644
test_data/input_32M_6.txt, 33554432, 2, 3.24249
test_data/input_32M_6.txt, 33554432, 4, 3.07014
test_data/input_32M_6.txt, 33554432, 8, 3.21612
test_data/input_32M_6.txt, 33554432, 16, 3.1804
test_data/input_32M_6.txt, 33554432, 32, 3.21297
test_data/input_32M_6.txt, 33554432, 128, 3.23754
test_data/input_32M_6.txt, 33554432, 256, 3.36159
test_data/input_32M_7.txt, 33554432, 2, 3.29829
test_data/input_32M_7.txt, 33554432, 4, 3.06975
test_data/input_32M_7.txt, 33554432, 8, 3.20979
test_data/input_32M_7.txt, 33554432, 16, 3.19194
test_data/input_32M_7.txt, 33554432, 32, 3.27115
test_data/input_32M_7.txt, 33554432, 128, 3.2539
test_data/input_32M_7.txt, 33554432, 256, 3.40086
test_data/input_32M_8.txt, 33554432, 2, 3.23244
test_data/input_32M_8.txt, 33554432, 4, 3.09376
test_data/input_32M_8.txt, 33554432, 8, 3.24796
test_data/input_32M_8.txt, 33554432, 16, 3.1606
test_data/input_32M_8.txt, 33554432, 32, 3.22182
test_data/input_32M_8.txt, 33554432, 128, 3.17399
test_data/input_32M_8.txt, 33554432, 256, 3.40347
test_data/input_32M_9.txt, 33554432, 2, 3.24369
test_data/input_32M_9.txt, 33554432, 4, 3.10224
test_data/input_32M_9.txt, 33554432, 8, 3.21838
test_data/input_32M_9.txt, 33554432, 16, 3.15089
test_data/input_32M_9.txt, 33554432, 32, 3.22954
test_data/input_32M_9.txt, 33554432, 128, 3.18686
test_data/input_32M_9.txt, 33554432, 256, 3.39245
test_data/input_32M_10.txt, 33554432, 2, 3.28391
test_data/input_32M_10.txt, 33554432, 4, 3.06943
test_data/input_32M_10.txt, 33554432, 8, 3.19041
test_data/input_32M_10.txt, 33554432, 16, 3.15291
test_data/input_32M_10.txt, 33554432, 32, 3.23256
test_data/input_32M_10.txt, 33554432, 128, 3.14052
test_data/input_32M_10.txt, 33554432, 256, 3.34146
test_data/input_64M_1.txt, 67108864, 2, 8.6815
test_data/input_64M_1.txt, 67108864, 4, 8.04231
test_data/input_64M_1.txt, 67108864, 8, 8.00678
test_data/input_64M_1.txt, 67108864, 16, 7.50961
test_data/input_64M_1.txt, 67108864, 32, 7.71545
test_data/input_64M_1.txt, 67108864, 128, 7.70113
test_data/input_64M_1.txt, 67108864, 256, 8.32843
test_data/input_64M_2.txt, 67108864, 2, 8.6103
test_data/input_64M_2.txt, 67108864, 4, 8.06742
test_data/input_64M_2.txt, 67108864, 8, 7.75312
test_data/input_64M_2.txt, 67108864, 16, 7.44946
test_data/input_64M_2.txt, 67108864, 32, 7.70925
test_data/input_64M_2.txt, 67108864, 128, 8.05551
test_data/input_64M_2.txt, 67108864, 256, 8.40368
test_data/input_64M_3.txt, 67108864, 2, 8.7213
test_data/input_64M_3.txt, 67108864, 4, 7.9148
test_data/input_64M_3.txt, 67108864, 8, 8.50385
test_data/input_64M_3.txt, 67108864, 16, 7.54895
test_data/input_64M_3.txt, 67108864, 32, 7.85499
test_data/input_64M_3.txt, 67108864, 128, 7.88516
test_data/input_64M_3.txt, 67108864, 256, 8.35671
test_data/input_64M_4.txt, 67108864, 2, 8.67751
test_data/input_64M_4.txt, 67108864, 4, 8.10034
test_data/input_64M_4.txt, 67108864, 8, 7.70693
test_data/input_64M_4.txt, 67108864, 16, 7.53979
test_data/input_64M_4.txt, 67108864, 32, 7.6968
test_data/input_64M_4.txt, 67108864, 128, 7.83282
test_data/input_64M_4.txt, 67108864, 256, 7.9985
test_data/input_64M_5.txt, 67108864, 2, 8.52777
test_data/input_64M_5.txt, 67108864, 4, 7.6908
test_data/input_64M_5.txt, 67108864, 8, 7.90621
test_data/input_64M_5.txt, 67108864, 16, 7.5437
test_data/input_64M_5.txt, 67108864, 32, 7.75546
test_data/input_64M_5.txt, 67108864, 128, 8.02408
test_data/input_64M_5.txt, 67108864, 256, 8.33896
test_data/input_64M_6.txt, 67108864, 2, 8.53155
test_data/input_64M_6.txt, 67108864, 4, 8.06761
test_data/input_64M_6.txt, 67108864, 8, 7.93889
test_data/input_64M_6.txt, 67108864, 16, 7.78763
test_data/input_64M_6.txt, 67108864, 32, 7.78732
test_data/input_64M_6.txt, 67108864, 128, 7.7731
test_data/input_64M_6.txt, 67108864, 256, 8.34243
test_data/input_64M_7.txt, 67108864, 2, 8.66328
test_data/input_64M_7.txt, 67108864, 4, 7.95639
test_data/input_64M_7.txt, 67108864, 8, 7.89164
test_data/input_64M_7.txt, 67108864, 16, 7.55691
test_data/input_64M_7.txt, 67108864, 32, 7.79797
test_data/input_64M_7.txt, 67108864, 128, 7.92582
test_data/input_64M_7.txt, 67108864, 256, 8.37714
test_data/input_64M_8.txt, 67108864, 2, 8.42653
test_data/input_64M_8.txt, 67108864, 4, 7.84997
test_data/input_64M_8.txt, 67108864, 8, 7.94913
test_data/input_64M_8.txt, 67108864, 16, 7.64612
test_data/input_64M_8.txt, 67108864, 32, 7.6909
test_data/input_64M_8.txt, 67108864, 128, 7.77471
test_data/input_64M_8.txt, 67108864, 256, 7.85464
test_data/input_64M_9.txt, 67108864, 2, 8.69553
test_data/input_64M_9.txt, 67108864, 4, 7.81054
test_data/input_64M_9.txt, 67108864, 8, 7.98423
test_data/input_64M_9.txt, 67108864, 16, 7.64337
test_data/input_64M_9.txt, 67108864, 32, 7.77433
test_data/input_64M_9.txt, 67108864, 128, 7.84524
test_data/input_64M_9.txt, 67108864, 256, 8.06415
test_data/input_64M_10.txt, 67108864, 2, 8.65093
test_data/input_64M_10.txt, 67108864, 4, 8.04503
test_data/input_64M_10.txt, 67108864, 8, 8.53796
test_data/input_64M_10.txt, 67108864, 16, 7.61156
test_data/input_64M_10.txt, 67108864, 32, 7.8464
test_data/input_64M_10.txt, 67108864, 128, 7.97961
test_data/input_64M_10.txt, 67108864, 256, 8.06569
test_data/input_128M_1.txt, 134217728, 2, 11.3687
test_data/input_128M_1.txt, 134217728, 4, 11.2113
test_data/input_128M_1.txt, 134217728, 8, 11.344
test_data/input_128M_1.txt, 134217728, 16, 11.5091
test_data/input_128M_1.txt, 134217728, 32, 11.6352
test_data/input_128M_1.txt, 134217728, 128, 12.0011
test_data/input_128M_1.txt, 134217728, 256, 12.3486
test_data/input_128M_2.txt, 134217728, 2, 11.4066
test_data/input_128M_2.txt, 134217728, 4, 11.2052
test_data/input_128M_2.txt, 134217728, 8, 11.3725
test_data/input_128M_2.txt, 134217728, 16, 11.552
test_data/input_128M_2.txt, 134217728, 32, 11.6407
test_data/input_128M_2.txt, 134217728, 128, 11.9773
test_data/input_128M_2.txt, 134217728, 256, 12.315
test_data/input_128M_3.txt, 134217728, 2, 16.2835
test_data/input_128M_3.txt, 134217728, 4, 13.6528
test_data/input_128M_3.txt, 134217728, 8, 13.2482
test_data/input_128M_3.txt, 134217728, 16, 13.1844
test_data/input_128M_3.txt, 134217728, 32, 13.4469
test_data/input_128M_3.txt, 134217728, 128, 13.6715
test_data/input_128M_3.txt, 134217728, 256, 14.9451
test_data/input_128M_4.txt, 134217728, 2, 16.1018
test_data/input_128M_4.txt, 134217728, 4, 13.3447
test_data/input_128M_4.txt, 134217728, 8, 13.3607
test_data/input_128M_4.txt, 134217728, 16, 13.0727
test_data/input_128M_4.txt, 134217728, 32, 13.2384
test_data/input_128M_4.txt, 134217728, 128, 13.7309
test_data/input_128M_4.txt, 134217728, 256, 15.0348
test_data/input_128M_5.txt, 134217728, 2, 16.2171
test_data/input_128M_5.txt, 134217728, 4, 13.8122
test_data/input_128M_5.txt, 134217728, 8, 13.5382
test_data/input_128M_5.txt, 134217728, 16, 13.0128
test_data/input_128M_5.txt, 134217728, 32, 13.3152
test_data/input_128M_5.txt, 134217728, 128, 13.8653
test_data/input_128M_5.txt, 134217728, 256, 14.9498
test_data/input_128M_6.txt, 134217728, 2, 16.1243
test_data/input_128M_6.txt, 134217728, 4, 13.6328
test_data/input_128M_6.txt, 134217728, 8, 13.5991
test_data/input_128M_6.txt, 134217728, 16, 13.0666
test_data/input_128M_6.txt, 134217728, 32, 13.3459
test_data/input_128M_6.txt, 134217728, 128, 13.693
test_data/input_128M_6.txt, 134217728, 256, 14.7804
test_data/input_128M_7.txt, 134217728, 2, 16.3005
test_data/input_128M_7.txt, 134217728, 4, 13.7281
test_data/input_128M_7.txt, 134217728, 8, 13.4563
test_data/input_128M_7.txt, 134217728, 16, 12.9393
test_data/input_128M_7.txt, 134217728, 32, 13.4493
test_data/input_128M_7.txt, 134217728, 128, 13.7524
test_data/input_128M_7.txt, 134217728, 256, 15.0267
test_data/input_128M_8.txt, 134217728, 2, 15.4363
test_data/input_128M_8.txt, 134217728, 4, 13.5556
test_data/input_128M_8.txt, 134217728, 8, 13.4907
test_data/input_128M_8.txt, 134217728, 16, 12.9918
test_data/input_128M_8.txt, 134217728, 32, 13.3222
test_data/input_128M_8.txt, 134217728, 128, 13.5936
test_data/input_128M_8.txt, 134217728, 256, 14.9545
test_data/input_128M_9.txt, 134217728, 2, 16.262
test_data/input_128M_9.txt, 134217728, 4, 13.1668
test_data/input_128M_9.txt, 134217728, 8, 13.3175
test_data/input_128M_9.txt, 134217728, 16, 13.034
test_data/input_128M_9.txt, 134217728, 32, 13.3667
test_data/input_128M_9.txt, 134217728, 128, 13.5298
test_data/input_128M_9.txt, 134217728, 256, 14.9686
test_data/input_128M_10.txt, 134217728, 2, 15.9353
test_data/input_128M_10.txt, 134217728, 4, 13.6886
test_data/input_128M_10.txt, 134217728, 8, 13.4841
test_data/input_128M_10.txt, 134217728, 16, 13.0851
test_data/input_128M_10.txt, 134217728, 32, 13.3157
test_data/input_128M_10.txt, 134217728, 128, 13.7454
test_data/input_128M_10.txt, 134217728, 256, 14.9425
