input_file,number_keys,num_processors,elapsed_time
test_data/input_1M_1.txt, 1048576, 2, 0.0588
test_data/input_1M_1.txt, 1048576, 4, 0.036602
test_data/input_1M_1.txt, 1048576, 8, 0.09744
test_data/input_1M_1.txt, 1048576, 16, 0.069658
test_data/input_1M_1.txt, 1048576, 32, 0.074458
test_data/input_1M_1.txt, 1048576, 64, 0.088395
test_data/input_1M_1.txt, 1048576, 128, 0.117388
test_data/input_1M_1.txt, 1048576, 256, 0.235819
test_data/input_1M_2.txt, 1048576, 2, 0.073559
test_data/input_1M_2.txt, 1048576, 4, 0.037606
test_data/input_1M_2.txt, 1048576, 8, 0.073299
test_data/input_1M_2.txt, 1048576, 16, 0.07756
test_data/input_1M_2.txt, 1048576, 32, 0.045621
test_data/input_1M_2.txt, 1048576, 64, 0.058227
test_data/input_1M_2.txt, 1048576, 128, 0.141251
test_data/input_1M_2.txt, 1048576, 256, 0.201926
test_data/input_1M_3.txt, 1048576, 2, 0.067045
test_data/input_1M_3.txt, 1048576, 4, 0.064205
test_data/input_1M_3.txt, 1048576, 8, 0.061057
test_data/input_1M_3.txt, 1048576, 16, 0.039285
test_data/input_1M_3.txt, 1048576, 32, 0.043715
test_data/input_1M_3.txt, 1048576, 64, 0.083397
test_data/input_1M_3.txt, 1048576, 128, 0.157811
test_data/input_1M_3.txt, 1048576, 256, 0.207358
test_data/input_1M_4.txt, 1048576, 2, 0.050837
test_data/input_1M_4.txt, 1048576, 4, 0.064792
test_data/input_1M_4.txt, 1048576, 8, 0.068567
test_data/input_1M_4.txt, 1048576, 16, 0.047353
test_data/input_1M_4.txt, 1048576, 32, 0.081618
test_data/input_1M_4.txt, 1048576, 64, 0.089726
test_data/input_1M_4.txt, 1048576, 128, 0.106795
test_data/input_1M_4.txt, 1048576, 256, 0.143957
test_data/input_1M_5.txt, 1048576, 2, 0.062873
test_data/input_1M_5.txt, 1048576, 4, 0.061299
test_data/input_1M_5.txt, 1048576, 8, 0.056291
test_data/input_1M_5.txt, 1048576, 16, 0.060476
test_data/input_1M_5.txt, 1048576, 32, 0.052227
test_data/input_1M_5.txt, 1048576, 64, 0.081706
test_data/input_1M_5.txt, 1048576, 128, 0.082572
test_data/input_1M_5.txt, 1048576, 256, 0.141614
test_data/input_1M_6.txt, 1048576, 2, 0.048118
test_data/input_1M_6.txt, 1048576, 4, 0.051287
test_data/input_1M_6.txt, 1048576, 8, 0.029712
test_data/input_1M_6.txt, 1048576, 16, 0.030874
test_data/input_1M_6.txt, 1048576, 32, 0.04739
test_data/input_1M_6.txt, 1048576, 64, 0.059667
test_data/input_1M_6.txt, 1048576, 128, 0.144774
test_data/input_1M_6.txt, 1048576, 256, 0.152456
test_data/input_1M_7.txt, 1048576, 2, 0.045692
test_data/input_1M_7.txt, 1048576, 4, 0.049628
test_data/input_1M_7.txt, 1048576, 8, 0.071811
test_data/input_1M_7.txt, 1048576, 16, 0.05236
test_data/input_1M_7.txt, 1048576, 32, 0.073277
test_data/input_1M_7.txt, 1048576, 64, 0.084387
test_data/input_1M_7.txt, 1048576, 128, 0.0936
test_data/input_1M_7.txt, 1048576, 256, 0.161473
test_data/input_1M_8.txt, 1048576, 2, 0.068129
test_data/input_1M_8.txt, 1048576, 4, 0.05635
test_data/input_1M_8.txt, 1048576, 8, 0.056217
test_data/input_1M_8.txt, 1048576, 16, 0.067858
test_data/input_1M_8.txt, 1048576, 32, 0.057586
test_data/input_1M_8.txt, 1048576, 64, 0.041335
test_data/input_1M_8.txt, 1048576, 128, 0.053483
test_data/input_1M_8.txt, 1048576, 256, 0.102928
test_data/input_1M_9.txt, 1048576, 2, 0.050107
test_data/input_1M_9.txt, 1048576, 4, 0.049159
test_data/input_1M_9.txt, 1048576, 8, 0.03766
test_data/input_1M_9.txt, 1048576, 16, 0.040598
test_data/input_1M_9.txt, 1048576, 32, 0.037299
test_data/input_1M_9.txt, 1048576, 64, 0.076202
test_data/input_1M_9.txt, 1048576, 128, 0.096862
test_data/input_1M_9.txt, 1048576, 256, 0.121721
test_data/input_1M_10.txt, 1048576, 2, 0.04717
test_data/input_1M_10.txt, 1048576, 4, 0.036567
test_data/input_1M_10.txt, 1048576, 8, 0.033886
test_data/input_1M_10.txt, 1048576, 16, 0.062442
test_data/input_1M_10.txt, 1048576, 32, 0.049028
test_data/input_1M_10.txt, 1048576, 64, 0.073504
test_data/input_1M_10.txt, 1048576, 128, 0.067142
test_data/input_1M_10.txt, 1048576, 256, 0.143022
test_data/input_2M_1.txt, 2097152, 2, 0.082615
test_data/input_2M_1.txt, 2097152, 4, 0.057147
test_data/input_2M_1.txt, 2097152, 8, 0.04941
test_data/input_2M_1.txt, 2097152, 16, 0.061077
test_data/input_2M_1.txt, 2097152, 32, 0.070491
test_data/input_2M_1.txt, 2097152, 64, 0.068717
test_data/input_2M_1.txt, 2097152, 128, 0.080069
test_data/input_2M_1.txt, 2097152, 256, 0.105615
test_data/input_2M_2.txt, 2097152, 2, 0.082797
test_data/input_2M_2.txt, 2097152, 4, 0.05672
test_data/input_2M_2.txt, 2097152, 8, 0.049108
test_data/input_2M_2.txt, 2097152, 16, 0.054707
test_data/input_2M_2.txt, 2097152, 32, 0.064002
test_data/input_2M_2.txt, 2097152, 64, 0.072933
test_data/input_2M_2.txt, 2097152, 128, 0.102302
test_data/input_2M_2.txt, 2097152, 256, 0.117636
test_data/input_2M_3.txt, 2097152, 2, 0.146379
test_data/input_2M_3.txt, 2097152, 4, 0.121912
test_data/input_2M_3.txt, 2097152, 8, 0.074309
test_data/input_2M_3.txt, 2097152, 16, 0.166209
test_data/input_2M_3.txt, 2097152, 32, 0.088231
test_data/input_2M_3.txt, 2097152, 64, 0.120634
test_data/input_2M_3.txt, 2097152, 128, 0.211558
test_data/input_2M_3.txt, 2097152, 256, 0.269157
test_data/input_2M_4.txt, 2097152, 2, 0.157258
test_data/input_2M_4.txt, 2097152, 4, 0.112004
test_data/input_2M_4.txt, 2097152, 8, 0.114015
test_data/input_2M_4.txt, 2097152, 16, 0.098767
test_data/input_2M_4.txt, 2097152, 32, 0.204225
test_data/input_2M_4.txt, 2097152, 64, 0.106428
test_data/input_2M_4.txt, 2097152, 128, 0.210545
test_data/input_2M_4.txt, 2097152, 256, 0.180658
test_data/input_2M_5.txt, 2097152, 2, 0.129882
test_data/input_2M_5.txt, 2097152, 4, 0.068378
test_data/input_2M_5.txt, 2097152, 8, 0.107781
test_data/input_2M_5.txt, 2097152, 16, 0.15487
test_data/input_2M_5.txt, 2097152, 32, 0.156572
test_data/input_2M_5.txt, 2097152, 64, 0.146102
test_data/input_2M_5.txt, 2097152, 128, 0.128002
test_data/input_2M_5.txt, 2097152, 256, 0.142245
test_data/input_2M_6.txt, 2097152, 2, 0.155589
test_data/input_2M_6.txt, 2097152, 4, 0.132232
test_data/input_2M_6.txt, 2097152, 8, 0.1106
test_data/input_2M_6.txt, 2097152, 16, 0.099525
test_data/input_2M_6.txt, 2097152, 32, 0.11218
test_data/input_2M_6.txt, 2097152, 64, 0.120386
test_data/input_2M_6.txt, 2097152, 128, 0.159729
test_data/input_2M_6.txt, 2097152, 256, 0.206294
test_data/input_2M_7.txt, 2097152, 2, 0.152225
test_data/input_2M_7.txt, 2097152, 4, 0.083113
test_data/input_2M_7.txt, 2097152, 8, 0.137894
test_data/input_2M_7.txt, 2097152, 16, 0.113877
test_data/input_2M_7.txt, 2097152, 32, 0.108123
test_data/input_2M_7.txt, 2097152, 64, 0.11463
test_data/input_2M_7.txt, 2097152, 128, 0.164151
test_data/input_2M_7.txt, 2097152, 256, 0.215262
test_data/input_2M_8.txt, 2097152, 2, 0.169451
test_data/input_2M_8.txt, 2097152, 4, 0.086224
test_data/input_2M_8.txt, 2097152, 8, 0.107762
test_data/input_2M_8.txt, 2097152, 16, 0.076033
test_data/input_2M_8.txt, 2097152, 32, 0.140092
test_data/input_2M_8.txt, 2097152, 64, 0.079627
test_data/input_2M_8.txt, 2097152, 128, 0.152967
test_data/input_2M_8.txt, 2097152, 256, 0.220073
test_data/input_2M_9.txt, 2097152, 2, 0.150338
test_data/input_2M_9.txt, 2097152, 4, 0.069461
test_data/input_2M_9.txt, 2097152, 8, 0.063489
test_data/input_2M_9.txt, 2097152, 16, 0.104229
test_data/input_2M_9.txt, 2097152, 32, 0.112937
test_data/input_2M_9.txt, 2097152, 64, 0.089381
test_data/input_2M_9.txt, 2097152, 128, 0.263668
test_data/input_2M_9.txt, 2097152, 256, 0.197611
test_data/input_2M_10.txt, 2097152, 2, 0.144941
test_data/input_2M_10.txt, 2097152, 4, 0.100106
test_data/input_2M_10.txt, 2097152, 8, 0.120954
test_data/input_2M_10.txt, 2097152, 16, 0.108722
test_data/input_2M_10.txt, 2097152, 32, 0.143194
test_data/input_2M_10.txt, 2097152, 64, 0.133611
test_data/input_2M_10.txt, 2097152, 128, 0.218515
test_data/input_2M_10.txt, 2097152, 256, 0.149682
test_data/input_4M_1.txt, 4194304, 2, 0.17523
test_data/input_4M_1.txt, 4194304, 4, 0.139186
test_data/input_4M_1.txt, 4194304, 8, 0.122213
test_data/input_4M_1.txt, 4194304, 16, 0.126062
test_data/input_4M_1.txt, 4194304, 32, 0.177812
test_data/input_4M_1.txt, 4194304, 64, 0.161794
test_data/input_4M_1.txt, 4194304, 128, 0.180531
test_data/input_4M_1.txt, 4194304, 256, 0.185375
test_data/input_4M_2.txt, 4194304, 2, 0.176851
test_data/input_4M_2.txt, 4194304, 4, 0.143976
test_data/input_4M_2.txt, 4194304, 8, 0.128078
test_data/input_4M_2.txt, 4194304, 16, 0.168792
test_data/input_4M_2.txt, 4194304, 32, 0.134593
test_data/input_4M_2.txt, 4194304, 64, 0.17844
test_data/input_4M_2.txt, 4194304, 128, 0.189463
test_data/input_4M_2.txt, 4194304, 256, 0.233343
test_data/input_4M_3.txt, 4194304, 2, 0.175241
test_data/input_4M_3.txt, 4194304, 4, 0.144347
test_data/input_4M_3.txt, 4194304, 8, 0.136788
test_data/input_4M_3.txt, 4194304, 16, 0.132968
test_data/input_4M_3.txt, 4194304, 32, 0.133226
test_data/input_4M_3.txt, 4194304, 64, 0.143173
test_data/input_4M_3.txt, 4194304, 128, 0.203267
test_data/input_4M_3.txt, 4194304, 256, 0.237025
test_data/input_4M_4.txt, 4194304, 2, 0.175243
test_data/input_4M_4.txt, 4194304, 4, 0.148853
test_data/input_4M_4.txt, 4194304, 8, 0.100539
test_data/input_4M_4.txt, 4194304, 16, 0.111094
test_data/input_4M_4.txt, 4194304, 32, 0.130863
test_data/input_4M_4.txt, 4194304, 64, 0.18231
test_data/input_4M_4.txt, 4194304, 128, 0.17403
test_data/input_4M_4.txt, 4194304, 256, 0.229253
test_data/input_4M_5.txt, 4194304, 2, 0.245267
test_data/input_4M_5.txt, 4194304, 4, 0.253442
test_data/input_4M_5.txt, 4194304, 8, 0.208879
test_data/input_4M_5.txt, 4194304, 16, 0.176256
test_data/input_4M_5.txt, 4194304, 32, 0.262961
test_data/input_4M_5.txt, 4194304, 64, 0.230223
test_data/input_4M_5.txt, 4194304, 128, 0.284493
test_data/input_4M_5.txt, 4194304, 256, 0.391486
test_data/input_4M_6.txt, 4194304, 2, 0.234604
test_data/input_4M_6.txt, 4194304, 4, 0.195947
test_data/input_4M_6.txt, 4194304, 8, 0.158713
test_data/input_4M_6.txt, 4194304, 16, 0.266972
test_data/input_4M_6.txt, 4194304, 32, 0.152082
test_data/input_4M_6.txt, 4194304, 64, 0.200758
test_data/input_4M_6.txt, 4194304, 128, 0.250423
test_data/input_4M_6.txt, 4194304, 256, 0.410424
test_data/input_4M_7.txt, 4194304, 2, 0.251958
test_data/input_4M_7.txt, 4194304, 4, 0.177624
test_data/input_4M_7.txt, 4194304, 8, 0.201831
test_data/input_4M_7.txt, 4194304, 16, 0.247238
test_data/input_4M_7.txt, 4194304, 32, 0.270275
test_data/input_4M_7.txt, 4194304, 64, 0.210375
test_data/input_4M_7.txt, 4194304, 128, 0.237101
test_data/input_4M_7.txt, 4194304, 256, 0.224393
test_data/input_4M_8.txt, 4194304, 2, 0.256257
test_data/input_4M_8.txt, 4194304, 4, 0.145568
test_data/input_4M_8.txt, 4194304, 8, 0.118165
test_data/input_4M_8.txt, 4194304, 16, 0.253589
test_data/input_4M_8.txt, 4194304, 32, 0.311571
test_data/input_4M_8.txt, 4194304, 64, 0.220654
test_data/input_4M_8.txt, 4194304, 128, 0.325438
test_data/input_4M_8.txt, 4194304, 256, 0.273182
test_data/input_4M_9.txt, 4194304, 2, 0.244028
test_data/input_4M_9.txt, 4194304, 4, 0.126951
test_data/input_4M_9.txt, 4194304, 8, 0.147489
test_data/input_4M_9.txt, 4194304, 16, 0.258663
test_data/input_4M_9.txt, 4194304, 32, 0.183754
test_data/input_4M_9.txt, 4194304, 64, 0.246398
test_data/input_4M_9.txt, 4194304, 128, 0.238111
test_data/input_4M_9.txt, 4194304, 256, 0.275039
test_data/input_4M_10.txt, 4194304, 2, 0.240033
test_data/input_4M_10.txt, 4194304, 4, 0.145829
test_data/input_4M_10.txt, 4194304, 8, 0.117201
test_data/input_4M_10.txt, 4194304, 16, 0.131629
test_data/input_4M_10.txt, 4194304, 32, 0.255019
test_data/input_4M_10.txt, 4194304, 64, 0.167696
test_data/input_4M_10.txt, 4194304, 128, 0.199281
test_data/input_4M_10.txt, 4194304, 256, 0.259806
test_data/input_8M_1.txt, 8388608, 2, 0.398783
test_data/input_8M_1.txt, 8388608, 4, 0.291299
test_data/input_8M_1.txt, 8388608, 8, 0.388497
test_data/input_8M_1.txt, 8388608, 16, 0.220728
test_data/input_8M_1.txt, 8388608, 32, 0.315478
test_data/input_8M_1.txt, 8388608, 64, 0.485304
test_data/input_8M_1.txt, 8388608, 128, 0.375011
test_data/input_8M_1.txt, 8388608, 256, 0.554373
test_data/input_8M_2.txt, 8388608, 2, 0.397799
test_data/input_8M_2.txt, 8388608, 4, 0.39287
test_data/input_8M_2.txt, 8388608, 8, 0.283322
test_data/input_8M_2.txt, 8388608, 16, 0.420679
test_data/input_8M_2.txt, 8388608, 32, 0.429462
test_data/input_8M_2.txt, 8388608, 64, 0.283971
test_data/input_8M_2.txt, 8388608, 128, 0.324874
test_data/input_8M_2.txt, 8388608, 256, 0.51582
test_data/input_8M_3.txt, 8388608, 2, 0.404707
test_data/input_8M_3.txt, 8388608, 4, 0.350829
test_data/input_8M_3.txt, 8388608, 8, 0.396255
test_data/input_8M_3.txt, 8388608, 16, 0.418809
test_data/input_8M_3.txt, 8388608, 32, 0.416586
test_data/input_8M_3.txt, 8388608, 64, 0.425455
test_data/input_8M_3.txt, 8388608, 128, 0.510621
test_data/input_8M_3.txt, 8388608, 256, 0.357519
test_data/input_8M_4.txt, 8388608, 2, 0.409268
test_data/input_8M_4.txt, 8388608, 4, 0.386765
test_data/input_8M_4.txt, 8388608, 8, 0.382401
test_data/input_8M_4.txt, 8388608, 16, 0.301547
test_data/input_8M_4.txt, 8388608, 32, 0.318139
test_data/input_8M_4.txt, 8388608, 64, 0.327413
test_data/input_8M_4.txt, 8388608, 128, 0.399555
test_data/input_8M_4.txt, 8388608, 256, 0.523827
test_data/input_8M_5.txt, 8388608, 2, 0.406387
test_data/input_8M_5.txt, 8388608, 4, 0.384875
test_data/input_8M_5.txt, 8388608, 8, 0.390544
test_data/input_8M_5.txt, 8388608, 16, 0.293814
test_data/input_8M_5.txt, 8388608, 32, 0.490573
test_data/input_8M_5.txt, 8388608, 64, 0.480338
test_data/input_8M_5.txt, 8388608, 128, 0.496949
test_data/input_8M_5.txt, 8388608, 256, 0.498704
test_data/input_8M_6.txt, 8388608, 2, 0.412273
test_data/input_8M_6.txt, 8388608, 4, 0.39151
test_data/input_8M_6.txt, 8388608, 8, 0.230831
test_data/input_8M_6.txt, 8388608, 16, 0.345351
test_data/input_8M_6.txt, 8388608, 32, 0.391042
test_data/input_8M_6.txt, 8388608, 64, 0.418599
test_data/input_8M_6.txt, 8388608, 128, 0.482116
test_data/input_8M_6.txt, 8388608, 256, 0.652859
test_data/input_8M_7.txt, 8388608, 2, 0.50698
test_data/input_8M_7.txt, 8388608, 4, 0.294105
test_data/input_8M_7.txt, 8388608, 8, 0.274837
test_data/input_8M_7.txt, 8388608, 16, 0.35993
test_data/input_8M_7.txt, 8388608, 32, 0.541212
test_data/input_8M_7.txt, 8388608, 64, 0.323487
test_data/input_8M_7.txt, 8388608, 128, 0.526072
test_data/input_8M_7.txt, 8388608, 256, 0.647913
test_data/input_8M_8.txt, 8388608, 2, 0.44321
test_data/input_8M_8.txt, 8388608, 4, 0.264573
test_data/input_8M_8.txt, 8388608, 8, 0.433968
test_data/input_8M_8.txt, 8388608, 16, 0.251816
test_data/input_8M_8.txt, 8388608, 32, 0.33794
test_data/input_8M_8.txt, 8388608, 64, 0.456748
test_data/input_8M_8.txt, 8388608, 128, 0.525292
test_data/input_8M_8.txt, 8388608, 256, 0.717867
test_data/input_8M_9.txt, 8388608, 2, 0.447967
test_data/input_8M_9.txt, 8388608, 4, 0.348749
test_data/input_8M_9.txt, 8388608, 8, 0.364061
test_data/input_8M_9.txt, 8388608, 16, 0.315985
test_data/input_8M_9.txt, 8388608, 32, 0.445168
test_data/input_8M_9.txt, 8388608, 64, 0.408646
test_data/input_8M_9.txt, 8388608, 128, 0.619654
test_data/input_8M_9.txt, 8388608, 256, 0.444048
test_data/input_8M_10.txt, 8388608, 2, 0.458099
test_data/input_8M_10.txt, 8388608, 4, 0.325245
test_data/input_8M_10.txt, 8388608, 8, 0.373671
test_data/input_8M_10.txt, 8388608, 16, 0.43638
test_data/input_8M_10.txt, 8388608, 32, 0.400433
test_data/input_8M_10.txt, 8388608, 64, 0.406244
test_data/input_8M_10.txt, 8388608, 128, 0.383367
test_data/input_8M_10.txt, 8388608, 256, 0.575565
test_data/input_16M_1.txt, 16777216, 2, 1.18992
test_data/input_16M_1.txt, 16777216, 4, 0.961409
test_data/input_16M_1.txt, 16777216, 8, 0.963565
test_data/input_16M_1.txt, 16777216, 16, 0.609153
test_data/input_16M_1.txt, 16777216, 32, 0.809291
test_data/input_16M_1.txt, 16777216, 64, 0.821872
test_data/input_16M_1.txt, 16777216, 128, 0.877408
test_data/input_16M_1.txt, 16777216, 256, 0.97921
test_data/input_16M_2.txt, 16777216, 2, 1.17108
test_data/input_16M_2.txt, 16777216, 4, 1.02072
test_data/input_16M_2.txt, 16777216, 8, 1.03114
test_data/input_16M_2.txt, 16777216, 16, 0.51107
test_data/input_16M_2.txt, 16777216, 32, 0.544353
test_data/input_16M_2.txt, 16777216, 64, 1.14942
test_data/input_16M_2.txt, 16777216, 128, 1.36996
test_data/input_16M_2.txt, 16777216, 256, 0.94221
test_data/input_16M_3.txt, 16777216, 2, 1.19947
test_data/input_16M_3.txt, 16777216, 4, 1.00535
test_data/input_16M_3.txt, 16777216, 8, 0.859685
test_data/input_16M_3.txt, 16777216, 16, 0.868387
test_data/input_16M_3.txt, 16777216, 32, 1.10319
test_data/input_16M_3.txt, 16777216, 64, 0.989353
test_data/input_16M_3.txt, 16777216, 128, 0.648748
test_data/input_16M_3.txt, 16777216, 256, 1.17903
test_data/input_16M_4.txt, 16777216, 2, 1.21311
test_data/input_16M_4.txt, 16777216, 4, 0.635915
test_data/input_16M_4.txt, 16777216, 8, 0.53436
test_data/input_16M_4.txt, 16777216, 16, 1.06572
test_data/input_16M_4.txt, 16777216, 32, 1.08964
test_data/input_16M_4.txt, 16777216, 64, 0.677545
test_data/input_16M_4.txt, 16777216, 128, 1.05855
test_data/input_16M_4.txt, 16777216, 256, 0.801054
test_data/input_16M_5.txt, 16777216, 2, 1.29599
test_data/input_16M_5.txt, 16777216, 4, 0.925495
test_data/input_16M_5.txt, 16777216, 8, 0.924554
test_data/input_16M_5.txt, 16777216, 16, 0.9744
test_data/input_16M_5.txt, 16777216, 32, 1.18945
test_data/input_16M_5.txt, 16777216, 64, 0.928442
test_data/input_16M_5.txt, 16777216, 128, 1.05286
test_data/input_16M_5.txt, 16777216, 256, 1.14739
test_data/input_16M_6.txt, 16777216, 2, 1.25385
test_data/input_16M_6.txt, 16777216, 4, 1.02447
test_data/input_16M_6.txt, 16777216, 8, 0.813761
test_data/input_16M_6.txt, 16777216, 16, 0.788719
test_data/input_16M_6.txt, 16777216, 32, 0.917221
test_data/input_16M_6.txt, 16777216, 64, 1.16308
test_data/input_16M_6.txt, 16777216, 128, 1.26791
test_data/input_16M_6.txt, 16777216, 256, 1.28183
test_data/input_16M_7.txt, 16777216, 2, 1.16559
test_data/input_16M_7.txt, 16777216, 4, 0.955728
test_data/input_16M_7.txt, 16777216, 8, 0.80919
test_data/input_16M_7.txt, 16777216, 16, 0.697963
test_data/input_16M_7.txt, 16777216, 32, 0.806189
test_data/input_16M_7.txt, 16777216, 64, 0.832395
test_data/input_16M_7.txt, 16777216, 128, 1.01273
test_data/input_16M_7.txt, 16777216, 256, 1.03504
test_data/input_16M_8.txt, 16777216, 2, 1.17183
test_data/input_16M_8.txt, 16777216, 4, 1.04053
test_data/input_16M_8.txt, 16777216, 8, 1.06102
test_data/input_16M_8.txt, 16777216, 16, 0.431659
test_data/input_16M_8.txt, 16777216, 32, 0.810375
test_data/input_16M_8.txt, 16777216, 64, 0.576864
test_data/input_16M_8.txt, 16777216, 128, 0.779687
test_data/input_16M_8.txt, 16777216, 256, 0.723808
test_data/input_16M_9.txt, 16777216, 2, 0.975037
test_data/input_16M_9.txt, 16777216, 4, 0.684013
test_data/input_16M_9.txt, 16777216, 8, 0.56792
test_data/input_16M_9.txt, 16777216, 16, 0.548553
test_data/input_16M_9.txt, 16777216, 32, 0.788822
test_data/input_16M_9.txt, 16777216, 64, 0.595495
test_data/input_16M_9.txt, 16777216, 128, 0.788353
test_data/input_16M_9.txt, 16777216, 256, 0.878985
test_data/input_16M_10.txt, 16777216, 2, 0.969254
test_data/input_16M_10.txt, 16777216, 4, 0.626564
test_data/input_16M_10.txt, 16777216, 8, 0.630259
test_data/input_16M_10.txt, 16777216, 16, 0.661305
test_data/input_16M_10.txt, 16777216, 32, 0.647334
test_data/input_16M_10.txt, 16777216, 64, 0.709588
test_data/input_16M_10.txt, 16777216, 128, 0.964351
test_data/input_16M_10.txt, 16777216, 256, 0.973886
test_data/input_32M_1.txt, 33554432, 2, 3.03075
test_data/input_32M_1.txt, 33554432, 4, 2.49603
test_data/input_32M_1.txt, 33554432, 8, 2.64767
test_data/input_32M_1.txt, 33554432, 16, 2.55958
test_data/input_32M_1.txt, 33554432, 32, 2.56011
test_data/input_32M_1.txt, 33554432, 64, 2.15147
test_data/input_32M_1.txt, 33554432, 128, 2.92703
test_data/input_32M_1.txt, 33554432, 256, 3.13829
test_data/input_32M_2.txt, 33554432, 2, 2.81899
test_data/input_32M_2.txt, 33554432, 4, 2.66638
test_data/input_32M_2.txt, 33554432, 8, 2.52796
test_data/input_32M_2.txt, 33554432, 16, 1.14806
test_data/input_32M_2.txt, 33554432, 32, 1.45832
test_data/input_32M_2.txt, 33554432, 64, 3.14435
test_data/input_32M_2.txt, 33554432, 128, 2.94557
test_data/input_32M_2.txt, 33554432, 256, 1.91261
test_data/input_32M_3.txt, 33554432, 2, 2.89891
test_data/input_32M_3.txt, 33554432, 4, 2.60617
test_data/input_32M_3.txt, 33554432, 8, 1.48317
test_data/input_32M_3.txt, 33554432, 16, 2.57805
test_data/input_32M_3.txt, 33554432, 32, 2.47647
test_data/input_32M_3.txt, 33554432, 64, 1.6872
test_data/input_32M_3.txt, 33554432, 128, 2.02847
test_data/input_32M_3.txt, 33554432, 256, 2.38755
test_data/input_32M_4.txt, 33554432, 2, 2.96822
test_data/input_32M_4.txt, 33554432, 4, 2.65773
test_data/input_32M_4.txt, 33554432, 8, 2.51607
test_data/input_32M_4.txt, 33554432, 16, 1.79688
test_data/input_32M_4.txt, 33554432, 32, 2.49452
test_data/input_32M_4.txt, 33554432, 64, 1.35281
test_data/input_32M_4.txt, 33554432, 128, 1.3554
test_data/input_32M_4.txt, 33554432, 256, 3.03608
test_data/input_32M_5.txt, 33554432, 2, 3.02801
test_data/input_32M_5.txt, 33554432, 4, 2.42756
test_data/input_32M_5.txt, 33554432, 8, 1.52373
test_data/input_32M_5.txt, 33554432, 16, 2.74501
test_data/input_32M_5.txt, 33554432, 32, 1.74539
test_data/input_32M_5.txt, 33554432, 64, 1.67955
test_data/input_32M_5.txt, 33554432, 128, 1.74176
test_data/input_32M_5.txt, 33554432, 256, 2.22227
test_data/input_32M_6.txt, 33554432, 2, 2.77932
test_data/input_32M_6.txt, 33554432, 4, 2.40382
test_data/input_32M_6.txt, 33554432, 8, 2.2289
test_data/input_32M_6.txt, 33554432, 16, 2.15405
test_data/input_32M_6.txt, 33554432, 32, 2.96369
test_data/input_32M_6.txt, 33554432, 64, 2.29461
test_data/input_32M_6.txt, 33554432, 128, 2.76237
test_data/input_32M_6.txt, 33554432, 256, 3.01029
test_data/input_32M_7.txt, 33554432, 2, 2.89741
test_data/input_32M_7.txt, 33554432, 4, 2.69982
test_data/input_32M_7.txt, 33554432, 8, 2.1321
test_data/input_32M_7.txt, 33554432, 16, 2.25439
test_data/input_32M_7.txt, 33554432, 32, 3.01205
test_data/input_32M_7.txt, 33554432, 64, 2.86708
test_data/input_32M_7.txt, 33554432, 128, 2.40733
test_data/input_32M_7.txt, 33554432, 256, 2.65222
test_data/input_32M_8.txt, 33554432, 2, 3.04291
test_data/input_32M_8.txt, 33554432, 4, 2.52404
test_data/input_32M_8.txt, 33554432, 8, 2.42969
test_data/input_32M_8.txt, 33554432, 16, 1.41053
test_data/input_32M_8.txt, 33554432, 32, 2.10338
test_data/input_32M_8.txt, 33554432, 64, 1.98752
test_data/input_32M_8.txt, 33554432, 128, 3.17202
test_data/input_32M_8.txt, 33554432, 256, 3.23817
test_data/input_32M_9.txt, 33554432, 2, 2.97343
test_data/input_32M_9.txt, 33554432, 4, 2.25128
test_data/input_32M_9.txt, 33554432, 8, 1.71177
test_data/input_32M_9.txt, 33554432, 16, 2.03119
test_data/input_32M_9.txt, 33554432, 32, 1.50664
test_data/input_32M_9.txt, 33554432, 64, 2.87249
test_data/input_32M_9.txt, 33554432, 128, 1.73207
test_data/input_32M_9.txt, 33554432, 256, 2.0602
test_data/input_32M_10.txt, 33554432, 2, 2.96653
test_data/input_32M_10.txt, 33554432, 4, 2.66976
test_data/input_32M_10.txt, 33554432, 8, 1.83056
test_data/input_32M_10.txt, 33554432, 16, 2.1282
test_data/input_32M_10.txt, 33554432, 32, 1.61758
test_data/input_32M_10.txt, 33554432, 64, 2.45875
test_data/input_32M_10.txt, 33554432, 128, 2.84297
test_data/input_32M_10.txt, 33554432, 256, 1.67549
test_data/input_64M_1.txt, 67108864, 2, 7.64994
test_data/input_64M_1.txt, 67108864, 4, 6.77539
test_data/input_64M_1.txt, 67108864, 8, 6.13466
test_data/input_64M_1.txt, 67108864, 16, 5.51764
test_data/input_64M_1.txt, 67108864, 32, 5.31939
test_data/input_64M_1.txt, 67108864, 64, 4.9872
test_data/input_64M_1.txt, 67108864, 128, 6.45376
test_data/input_64M_1.txt, 67108864, 256, 4.84966
test_data/input_64M_2.txt, 67108864, 2, 7.68047
test_data/input_64M_2.txt, 67108864, 4, 6.86512
test_data/input_64M_2.txt, 67108864, 8, 5.61172
test_data/input_64M_2.txt, 67108864, 16, 5.97305
test_data/input_64M_2.txt, 67108864, 32, 3.53403
test_data/input_64M_2.txt, 67108864, 64, 7.18297
test_data/input_64M_2.txt, 67108864, 128, 7.08966
test_data/input_64M_2.txt, 67108864, 256, 7.95349
test_data/input_64M_3.txt, 67108864, 2, 7.31265
test_data/input_64M_3.txt, 67108864, 4, 6.1251
test_data/input_64M_3.txt, 67108864, 8, 6.31381
test_data/input_64M_3.txt, 67108864, 16, 5.42194
test_data/input_64M_3.txt, 67108864, 32, 6.39659
test_data/input_64M_3.txt, 67108864, 64, 3.96263
test_data/input_64M_3.txt, 67108864, 128, 5.7779
test_data/input_64M_3.txt, 67108864, 256, 6.91224
test_data/input_64M_4.txt, 67108864, 2, 7.567
test_data/input_64M_4.txt, 67108864, 4, 6.51753
test_data/input_64M_4.txt, 67108864, 8, 6.42196
test_data/input_64M_4.txt, 67108864, 16, 6.33139
test_data/input_64M_4.txt, 67108864, 32, 7.0607
test_data/input_64M_4.txt, 67108864, 64, 6.75284
test_data/input_64M_4.txt, 67108864, 128, 7.0522
test_data/input_64M_4.txt, 67108864, 256, 4.5479
test_data/input_64M_5.txt, 67108864, 2, 7.42407
test_data/input_64M_5.txt, 67108864, 4, 6.4087
test_data/input_64M_5.txt, 67108864, 8, 5.13963
test_data/input_64M_5.txt, 67108864, 16, 6.20611
test_data/input_64M_5.txt, 67108864, 32, 4.14005
test_data/input_64M_5.txt, 67108864, 64, 5.87507
test_data/input_64M_5.txt, 67108864, 128, 5.80352
test_data/input_64M_5.txt, 67108864, 256, 6.09713
test_data/input_64M_6.txt, 67108864, 2, 7.38262
test_data/input_64M_6.txt, 67108864, 4, 7.01104
test_data/input_64M_6.txt, 67108864, 8, 5.53586
test_data/input_64M_6.txt, 67108864, 16, 5.64839
test_data/input_64M_6.txt, 67108864, 32, 4.03553
test_data/input_64M_6.txt, 67108864, 64, 3.77425
test_data/input_64M_6.txt, 67108864, 128, 3.91917
test_data/input_64M_6.txt, 67108864, 256, 6.665
test_data/input_64M_7.txt, 67108864, 2, 7.61879
test_data/input_64M_7.txt, 67108864, 4, 6.43334
test_data/input_64M_7.txt, 67108864, 8, 6.1141
test_data/input_64M_7.txt, 67108864, 16, 4.96292
test_data/input_64M_7.txt, 67108864, 32, 6.67626
test_data/input_64M_7.txt, 67108864, 64, 6.24674
test_data/input_64M_7.txt, 67108864, 128, 5.15964
test_data/input_64M_7.txt, 67108864, 256, 5.41861
test_data/input_64M_8.txt, 67108864, 2, 7.68289
test_data/input_64M_8.txt, 67108864, 4, 6.74437
test_data/input_64M_8.txt, 67108864, 8, 5.12165
test_data/input_64M_8.txt, 67108864, 16, 5.76085
test_data/input_64M_8.txt, 67108864, 32, 5.86696
test_data/input_64M_8.txt, 67108864, 64, 5.15226
test_data/input_64M_8.txt, 67108864, 128, 7.52368
test_data/input_64M_8.txt, 67108864, 256, 4.07097
test_data/input_64M_9.txt, 67108864, 2, 7.53617
test_data/input_64M_9.txt, 67108864, 4, 6.84503
test_data/input_64M_9.txt, 67108864, 8, 5.37502
test_data/input_64M_9.txt, 67108864, 16, 4.49975
test_data/input_64M_9.txt, 67108864, 32, 5.26453
test_data/input_64M_9.txt, 67108864, 64, 6.75624
test_data/input_64M_9.txt, 67108864, 128, 4.09782
test_data/input_64M_9.txt, 67108864, 256, 7.38708
test_data/input_64M_10.txt, 67108864, 2, 7.57505
test_data/input_64M_10.txt, 67108864, 4, 6.5043
test_data/input_64M_10.txt, 67108864, 8, 4.63343
test_data/input_64M_10.txt, 67108864, 16, 3.8917
test_data/input_64M_10.txt, 67108864, 32, 5.87145
test_data/input_64M_10.txt, 67108864, 64, 4.56065
test_data/input_64M_10.txt, 67108864, 128, 5.16697
test_data/input_64M_10.txt, 67108864, 256, 7.8238
test_data/input_128M_1.txt, 134217728, 2, 6.56482
test_data/input_128M_1.txt, 134217728, 4, 4.21562
test_data/input_128M_1.txt, 134217728, 8, 3.87435
test_data/input_128M_1.txt, 134217728, 16, 3.95523
test_data/input_128M_1.txt, 134217728, 32, 4.5059
test_data/input_128M_1.txt, 134217728, 64, 5.00982
test_data/input_128M_1.txt, 134217728, 128, 5.59063
test_data/input_128M_1.txt, 134217728, 256, 6.1751
test_data/input_128M_2.txt, 134217728, 2, 6.54269
test_data/input_128M_2.txt, 134217728, 4, 4.2404
test_data/input_128M_2.txt, 134217728, 8, 3.92034
test_data/input_128M_2.txt, 134217728, 16, 4.14855
test_data/input_128M_2.txt, 134217728, 32, 3.88558
test_data/input_128M_2.txt, 134217728, 64, 4.35159
test_data/input_128M_2.txt, 134217728, 128, 4.88839
test_data/input_128M_2.txt, 134217728, 256, 6.1517
test_data/input_128M_3.txt, 134217728, 2, 11.5427
test_data/input_128M_3.txt, 134217728, 4, 11.3672
test_data/input_128M_3.txt, 134217728, 8, 11.2175
test_data/input_128M_3.txt, 134217728, 16, 9.65891
test_data/input_128M_3.txt, 134217728, 32, 11.8376
test_data/input_128M_3.txt, 134217728, 64, 10.5775
test_data/input_128M_3.txt, 134217728, 128, 12.5917
test_data/input_128M_3.txt, 134217728, 256, 11.4566
test_data/input_128M_4.txt, 134217728, 2, 11.564
test_data/input_128M_4.txt, 134217728, 4, 11.314
test_data/input_128M_4.txt, 134217728, 8, 11.1327
test_data/input_128M_4.txt, 134217728, 16, 8.67697
test_data/input_128M_4.txt, 134217728, 32, 8.5107
test_data/input_128M_4.txt, 134217728, 64, 12.159
test_data/input_128M_4.txt, 134217728, 128, 7.48058
test_data/input_128M_4.txt, 134217728, 256, 12.7515
test_data/input_128M_5.txt, 134217728, 2, 11.6204
test_data/input_128M_5.txt, 134217728, 4, 11.3184
test_data/input_128M_5.txt, 134217728, 8, 11.2824
test_data/input_128M_5.txt, 134217728, 16, 10.9752
test_data/input_128M_5.txt, 134217728, 32, 8.04325
test_data/input_128M_5.txt, 134217728, 64, 8.74185
test_data/input_128M_5.txt, 134217728, 128, 10.9864
test_data/input_128M_5.txt, 134217728, 256, 13.1349
test_data/input_128M_6.txt, 134217728, 2, 11.3297
test_data/input_128M_6.txt, 134217728, 4, 11.1299
test_data/input_128M_6.txt, 134217728, 8, 10.5428
test_data/input_128M_6.txt, 134217728, 16, 10.1191
test_data/input_128M_6.txt, 134217728, 32, 11.4656
test_data/input_128M_6.txt, 134217728, 64, 7.64685
test_data/input_128M_6.txt, 134217728, 128, 9.51187
test_data/input_128M_6.txt, 134217728, 256, 9.61843
test_data/input_128M_7.txt, 134217728, 2, 11.3961
test_data/input_128M_7.txt, 134217728, 4, 11.4909
test_data/input_128M_7.txt, 134217728, 8, 11.5859
test_data/input_128M_7.txt, 134217728, 16, 10.7355
test_data/input_128M_7.txt, 134217728, 32, 7.54735
test_data/input_128M_7.txt, 134217728, 64, 9.8245
test_data/input_128M_7.txt, 134217728, 128, 11.7727
test_data/input_128M_7.txt, 134217728, 256, 8.3082
test_data/input_128M_8.txt, 134217728, 2, 11.5381
test_data/input_128M_8.txt, 134217728, 4, 11.48
test_data/input_128M_8.txt, 134217728, 8, 11.3848
test_data/input_128M_8.txt, 134217728, 16, 10.91
test_data/input_128M_8.txt, 134217728, 32, 9.2182
test_data/input_128M_8.txt, 134217728, 64, 6.4451
test_data/input_128M_8.txt, 134217728, 128, 7.71949
test_data/input_128M_8.txt, 134217728, 256, 10.3094
test_data/input_128M_9.txt, 134217728, 2, 11.5342
test_data/input_128M_9.txt, 134217728, 4, 11.2136
test_data/input_128M_9.txt, 134217728, 8, 11.4762
test_data/input_128M_9.txt, 134217728, 16, 10.0261
test_data/input_128M_9.txt, 134217728, 32, 8.82418
test_data/input_128M_9.txt, 134217728, 64, 11.1977
test_data/input_128M_9.txt, 134217728, 128, 11.049
test_data/input_128M_9.txt, 134217728, 256, 7.2484
test_data/input_128M_10.txt, 134217728, 2, 11.3544
test_data/input_128M_10.txt, 134217728, 4, 10.8238
test_data/input_128M_10.txt, 134217728, 8, 10.8364
test_data/input_128M_10.txt, 134217728, 16, 9.04845
test_data/input_128M_10.txt, 134217728, 32, 11.1956
test_data/input_128M_10.txt, 134217728, 64, 8.63149
test_data/input_128M_10.txt, 134217728, 128, 10.0831
test_data/input_128M_10.txt, 134217728, 256, 8.81869
